USE EmployeeTracker;

INSERT INTO department (id, name) 
VALUES (1, "Human Resources"), (2, "Administrative"), (3, "Advertising"), 
        (4, "Management"), (5, "Information Technology"), (6, "Operations"), 
        (7, "Maintenance");

INSERT INTO role (id, title, salary, department_id)
VALUES (1, "Human Resources Representative", 30000, 1),
    (2, "Human Resources Manager", 40000, 1),
    (3, "Data Clerk I", 25000, 2),
    (4, "Data Clerk II", 30000, 2),
    (5, "Records Specialist", 32500, 2),
    (6, "Sales Agent", 20000, 3),
    (7, "Account Manager", 40000, 3),
    (8, "General Sales Manager", 50000, 3),
    (9, "Supervisor, Tier I", 30000, 4),
    (10, "Supervisor, Tier II", 40000, 4),
    (11, "Supreme Overlord", 42500, 4),
    (12, "IT Cart Jockey", 18000, 5),
    (13, "IT Intern", 0, 5),
    (14, "IT Associate", 22500, 5),
    (15, "IT Specialist", 25000, 5),
    (16, "Technomancer", 27500, 5),
    (17, "Grand Archmage of the Ethereal Realms", 27500, 5),
    (18, "Street Samurai", 33000, 6),
    (19, "Security Rigger", 45000, 6),
    (20, "Decker", 37500, 6),
    (21, "Street Shaman", 32500, 6),
    (22, "Hermetic Mage", 57500, 6),
    (23, "Cleaner", 45000, 7);

INSERT INTO employee (id, first_name, last_name, role_id, manager_id)
VALUES (1, "Mr", "Johnson", 9, null),
    (2, "Sam", "Verner", 21, 1),
    (3, "Abigail", "Danvers", 8, 13),
    (4, "Sally", "Tsung", 22, 1),
    (5, "Serrin", "Shamander", 6, 3),
    (6, "Kyle", "Teller", 23, 9),
    (7, "Anne", "Ravenheart", 2, 11),
    (8, "Ryan", "Mercury", 3, 11),
    (9, "Nadja", "Daviar", 10, 22),
    (10, "Holly", "Brighton", 7, 3),
    (11, "Damien", "Knight", 10, 9),
    (12, "David", "Gavilan", 13, 23),
    (13, "Lucien", "Cross", 10, 22),
    (14, "Jean-Marie", "Cross", 5, 13),
    (15, "Bernard", "Cross", 3, 13),
    (16, "Leonard", "Aurelius", 1, 7),
    (17, "Kyle", "Haeffner", 4, 13),
    (18, "Arthur", "Vogel", 5, 13),
    (19, "Gary", "Gray", 12, 23),
    (20, "Betty-Jo", "Pritchard", 14, 23),
    (21, "John", "Timmons", 15, 23),
    (22, "Dunzelkahn", "X", 11, null),
    (23, "Hans", "Brinkhoff", 16, 13),
    (24, "Gerard", "Toulouse", 18, 1),
    (25, "Adam", "Alone", 19, 9),
    (26, "Jack", "Skater", 20, 1);
