USE EmployeeTracker;

INSERT INTO department (id, name) 
VALUES (1, "Command"), 
        (2, "Engineering"), 
        (3, "Medical"), 
        (4, "Sciences"), 
        (5, "Security"), 
        (6, "Civilian");

INSERT INTO role (id, title, salary, department_id)
VALUES (1, "Station Commander", 112214, 1),
        (2, "First Officer", 83172, 1),
        (3, "Strategic Operations Officer", 59825, 1),
        (4, "Chief Operations Officer", 37372, 2),
        (5, "Operations Officer", 27149, 2),
        (6, "Chief Medical Officer", 69335, 3),
        (7, "Medical Officer", 59825, 3),
        (8, "Nurse", 45448, 3),
        (9, "Counselor", 52599, 3),
        (10, "Chief Science Officer", 69335, 4),
        (11, "Science Officer", 52599, 4),
        (12, "Security Chief", 59825, 5),
        (13, "Security Officer", 27149, 5),
        (14, "Dabo Girl", 16795, 6),
        (15, "Bartender", 23309, 6),
        (16, "Bar Owner", 52599, 6),
        (17, "Maintenance Engineer", 23309, 6),
        (18, "Waitstaff", 20795, 6),
        (19, "Tailor", 45448, 6),
        (20, "Teacher", 24524, 6),
        (21, "Hologram", 0, 6),
        (22, "Courier", 37372, 6);
    

INSERT INTO employee (id, first_name, last_name, user_name, access, role_id, manager_id)
VALUES (1, "Benjamin", "Sisko", "ben", 8, 1, null),
        (2, "Nerys", "Kira", "kira", 8, 2, 1),
        (3, "Odo", "X", "odo", 8, 12, 1),
        (4, "Ezri", "Dax", "edax", 2, 9, 9),
        (5, "Worf", "Moag", "worf", 8, 3, 1),
        (6, "Jadzia", "Dax", "dax", 4, 10, 1),
        (7, "Miles", "O'Brien", "miles", 8, 4, 1),
        (8, "Quark", "son of Keldar", "quark", 8, 16, null),
        (9, "Julian", "Bashir", "julian", 4, 6, 1),
        (10, "Keiko", "O'Brien", "keiko", 1, 20, null),
        (11, "Vic", "Fontaine", "vic", 1, 21, null),
        (12, "Nog", "son of Rom", "nog", 1, 5, 7),
        (13, "Rom", "son of Keldar", "rom", 2, 17, 8),
        (14, "Michael", "Eddington", "michael", 2, 13, 3),
        (15, "Leeta", "X", "leeta", 1, 14, 8),
        (16, "Elim", "Garak", "garak", 8, 19, null),
        (17, "Broik", "X", "broik", 1, 18, 8),
        (18, "S", "Jabara", "jabara", 1, 8, 9),
        (19, "Jonas", "Jones", "jones", 1, 12, 3),
        (20, "Ensign", "Kelly", "kelly", 1, 5, 7),
        (21, "Morn", "X", "morn", 1, 22, null),
        (22, "X", "M'Pella", "mpella", 1, 14, 8),
        (23, "Enrique", "Muniz", "enrique", 1, 5, 7),
        (24, "X", "Neela", "neela", 1, 5, 7),
        (25, "George", "Primmin", "george", 1, 13, 3);